movieId,id
58559,155
109487,157336
5618,129
7153,122
3147,497
202439,496243
2959,550
163134,372058
4993,120
5952,121
2324,637
79132,27205
195159,324857
47,807
112552,244786
31658,4935
6016,598
36086,19404
5995,423
2329,73
92259,77338
286897,569094
122912,299536
2571,603
27773,670
3000,128
68157,16869
3578,98
122914,299534
74458,11324
2028,857
177765,354912
99114,68718
166291,378064
194448,490132
48780,1124
163645,324786
4226,77
1682,37165
281096,315162
48516,1422
204698,475557
88810,50014
1704,489
214612,637920
50,629
274053,361743
198147,527641
60069,10681
88125,12445
168492,398818
7361,38
218801,696374
243642,791373
104879,146233
225173,508442
180095,406997
106782,106646
40629,4348
231413,635302
208939,508965
2810,10494
109374,120467
177593,359940
2542,100
158783,290098
8368,673
287699,872585
166643,381284
56782,7345
116797,205596
2858,14
3949,641
5989,640
1,862
6874,24
208703,530915
192803,424694
68954,14160
205156,515001
165551,334543
64614,13223
140174,264644
118896,265177
167832,411088
203375,359724
263007,634649
96829,103663
249540,337404
31364,11423
73290,28178
97,406
2762,745
2691,10376
55820,6977
778,627
112852,118340
1721,597
134853,150540
4896,671
30707,70
105844,76203
152017,296096
110,197
16,524
101962,110420
170697,400928
219994,600354
184997,449176
164909,313369
112556,210577
4973,194
44191,752
106100,152532
4144,843
1907,10674
285593,447365
8533,11036
223041,724089
104374,122906
44555,582
7438,393
6,949
86781,46738
202749,531428
47099,1402
230415,447362
2761,10386
241272,615457
4886,585
66097,14836
106920,152601
76093,10191
180985,316029
27156,18491
50872,2062
280868,555604
207313,546554
168252,263115
215,76
4995,453
6377,12
6539,22
277400,762975
158966,334533
1732,115
89745,24428
117176,266856
80586,43949
40815,674
210175,606856
608,275
152081,269149
91529,49026
78499,10193
209315,331482
55721,7347
4011,107
96821,84892
194074,470044
254726,438631
27423,40096
142488,314365
64034,14574
198611,504253
188829,517814
55247,5915
237227,527774
741,9323
4878,141
4306,808
233095,458220
247988,508943
128360,273248
81834,12444
215335,618344
115667,200727
39183,142
183897,399174
73881,20453
4848,1018
204836,522924
157318,381341
160718,399106
215173,678512
71033,25376
48394,1417
89774,59440
204158,568160
179133,339877
33794,272
72226,10315
115617,177572
265550,438695
79357,31011
8961,9806
114554,149871
5816,672
31410,613
63082,12405
162082,396535
7147,587
1617,2118
272993,761053
116897,265195
134130,286217
81845,45269
196937,503314
69844,767
270698,545611
196417,166428
6870,322
81591,44214
115569,242582
54001,675
268642,414906
267456,785084
263481,522402
276231,610150
224264,501929
272079,810693
224052,441130
120130,92321
104913,96721
205441,492188
59315,1726
193439,538362
283873,603692
110102,100402
174879,38286
49910,1646
26903,37797
140715,277216
185385,419478
236991,776503
112175,82702
8638,80
122904,293660
4022,8358
46578,773
200842,522518
65261,12429
288135,1010581
119145,207703
111759,137113
5066,10229
122918,283995
168250,419430
164179,329865
215623,664767
276929,766507
98491,140420
65514,14756
72998,19995
104283,149870
122882,76341
104728,164558
72641,22881
94959,83666
213353,592350
278578,49046
210861,522627
280218,76600
156387,369557
208469,522212
3114,863
81847,38757
122916,284053
5389,9023
117438,242828
224268,630566
213207,508439
52885,4977
140956,333339
82667,49797
282161,937278
64957,4922
3160,334
286131,502356
55442,2011
176371,335984
111921,222935
88129,64690
117444,110416
286783,792307
115713,264660
106489,57158
32,63
188773,505192
191351,466282
74787,26022
48774,9693
261273,482321
289097,980489
168798,255709
4720,1933
2572,4951
260667,568124
166461,277834
37729,3933
89759,60243
289727,930094
64716,11321
169948,382591
94675,61979
7143,616
49272,36557
199476,491480
4016,11688
139385,281957
3910,16
284293,882569
242894,399566
205303,379170
85774,58496
1527,18
7371,553
146309,315465
206857,398978
7254,1954
220854,583083
55052,4347
115210,228150
30749,205
111362,127585
103688,138843
244334,637649
1688,9444
48304,1579
51255,4638
85342,47931
273133,705861
55765,4982
628,1592
1625,2649
281188,916224
51540,1949
49530,1372
286903,976573
226270,556984
57504,14069
8874,747
1653,782
193065,426426
27815,5528
5444,11544
166528,330459
183397,397567
2357,666
68237,17431
167732,404378
187593,383498
57183,7508
141749,306819
162578,313297
212361,502033
41571,1904
255335,566525
105504,109424
225984,580175
167380,381289
192385,332562
8607,13398
277282,585511
246604,283566
165549,334541
83132,51739
265460,756999
86882,59436
3186,3558
179779,437068
1673,4995
5418,2501
218657,667520
7981,10775
63062,3580
193950,515042
2696,9421
226202,550988
3967,71
132424,228205
105,688
1061,819
79702,22538
115149,245891
122920,271110
1566,11970
244492,550205
5882,9016
8950,4553
251086,436969
200328,342470
209433,638507
174055,374720
189713,487558
4308,824
3916,10637
283577,666277
33493,1895
190555,489999
171763,339403
201588,301528
187541,260513
112183,194662
4776,2034
1466,9366
277028,698948
4963,161
231701,414419
4235,55
106487,101299
183837,375262
122922,284052
32587,187
112804,244267
70286,17654
55908,13363
200818,458156
115122,246741
2712,345
271799,675353
205945,537061
132480,293863
288265,575264
143245,309809
202429,466272
261131,614917
57669,8321
183699,488623
31225,7214
112290,85350
201340,503919
98056,86837
205329,581528
122906,284054
178061,389015
114662,190859
210849,481848
7318,615
213347,520763
1645,1813
214320,313106
64839,12163
68358,13475
201773,429617
180137,430424
45722,58
278820,724495
189203,500664
97938,87827
152970,371645
176211,455661
288311,961323
164411,393559
8957,176
185029,447332
204694,431693
156944,335578
250546,691179
3535,1359
106441,203833
89118,63311
54286,2503
110501,180299
139644,273481
116855,237791
281288,851644
59369,8681
149334,340666
45720,350
224983,529203
5064,11362
7445,9509
150,568
273891,718930
252590,588228
278980,804095
133645,258480
1407,4232
44665,186
4979,9428
261705,537116
90376,71859
189333,353081
2966,404
33660,921
98809,49051
146656,312221
67255,15472
8529,594
108932,137106
3083,99
175569,395834
192383,451915
76091,30018
5218,425
80463,37799
288773,915935
275503,965150
275243,614934
1464,638
192649,505262
142184,81481
272417,579974
115664,228326
30803,1280
73808,13855
193942,491418
2687,37135
102407,64682
103984,179144
167392,360814
104272,158999
114935,206487
62644,7735
224280,370172
166534,381288
6711,153
104944,169813
1584,686
139120,336804
276047,682507
5014,10950
61240,13310
7323,338
107069,193756
97913,82690
236883,730154
90474,71157
127202,308369
251234,423108
212583,506574
40819,69
44199,388
102903,75656
129721,50531
168248,324552
148626,318846
206419,551332
91658,65754
3897,786
109633,198375
69122,18785
280412,1022256
159195,374473
117881,284293
64622,8055
5010,855
117533,293310
88179,51828
88744,61791
162414,376867
5445,180
282041,995133
118696,122917
187145,476292
118702,227306
208108,552178
98243,81188
112623,119450
2997,492
135143,259316
60684,13183
8014,113
71838,22803
31878,9470
174859,451945
99145,80278
48997,1427
89904,74643
115147,239571
3408,462
284291,726759
86892,51608
5349,557
207213,575452
114028,234200
188675,483184
199470,484468
1729,184
100714,132344
96488,84334
281202,715931
141890,283587
1487,16052
2427,8741
53125,285
139642,307081
244128,554596
278446,674324
3996,146
266002,466420
8636,558
102445,54138
8360,809
2501,13466
223876,682110
87232,49538
136204,310569
59784,9502
7090,79
81932,45317
3980,11978
72356,24480
1784,2898
8665,2502
4223,853
210577,454626
272407,629542
122892,99861
178827,346648
214068,572154
93838,94329
192749,518068
34405,16320
2340,297
213397,582014
179817,399404
69757,19913
259659,617653
95311,13042
85414,45612
269638,508947
254460,451048
5956,3131
169842,345938
113604,249164
177651,394117
6713,33320
239424,614409
114494,284427
4239,4133
122886,140607
73344,21575
120478,265297
213914,516486
54503,8363
159858,259693
2360,309
41285,116
98604,83389
253826,652837
183869,493922
226710,550776
261275,425909
36529,1830
214776,545609
27368,2899
171765,387426
79553,37472
112171,156022
160666,359156
96079,37724
205661,420809
149723,317442
79091,20352
97304,68734
106696,109445
42632,4550
71535,19908
50068,1251
288023,626332
281190,615777
264135,722778
165,1572
33171,11171
99149,82695
27869,11658
175303,346364
55872,5123
208887,579245
227526,400160
208289,292011
202497,586863
88163,50646
82459,44264
59387,14784
5464,4147
288167,697843
176349,455714
200332,504608
2502,1542
285301,493529
199974,416144
138702,293299
180031,399055
115170,205587
55118,2252
96588,114150
218311,486589
83134,46838
155078,364433
50601,1265
91500,70160
96606,89708
272525,453395
177615,391713
206714,431580
206959,330457
287743,508883
4027,134
268592,818647
84187,22843
96811,77016
2,8844
4881,10778
1757,11220
181671,435129
253128,459151
143355,297762
47610,1491
197175,399579
8958,1677
219573,677638
2395,11545
161582,338766
62511,4960
5669,1430
174901,398924
283139,840326
275515,901563
107141,140823
128620,320007
2671,509
89492,60308
56174,6479
120138,297222
73017,10528
805,1645
5878,64
183703,417261
134170,251516
48738,1523
1580,607
288807,1050035
130634,168259
185481,476299
169218,428493
8970,866
137337,331781
3006,9008
72605,7445
200200,529216
6889,10009
164917,407806
6502,170
3992,10867
205287,446159
66371,16804
44694,219
2394,9837
55290,4771
95654,13929
104712,211954
181315,400617
69481,12162
122880,109689
221576,497582
202427,514439
7451,10625
6953,470
114180,198663
193449,437586
133139,13002
92954,21634
6283,11299
143385,296098
209859,611291
151113,348678
226578,740996
3156,2277
224262,590223
39,9603
54259,2270
51662,1271
2431,10312
61236,8885
118700,273895
258451,576845
242774,497698
104337,132363
5791,1360
80906,44639
217465,577922
66744,8832
276317,438148
5902,2757
147,10474
91126,57212
140110,257211
133123,15165
7767,11659
127108,167073
84152,51876
290213,926393
267654,899082
252272,607259
6187,11615
108983,83564
173145,281338
265432,645886
8798,1538
166568,376290
111781,177677
218537,587792
213990,585244
249180,533514
86644,51497
210939,532067
7022,3176
189873,514754
164175,258230
149658,347201
132167,52629
69712,10024
52604,6145
106918,116745
194016,404368
138210,300671
230723,713776
55814,2013
201646,530385
179331,395991
104841,49047
245136,795514
138416,250219
287383,1000492
27592,4689
103017,111083
30812,2567
160980,363676
223944,656690
83803,40619
1748,2666
165937,345920
27397,2440
62203,9539
3969,10647
168326,416477
33750,20941
291521,937746
225758,664280
208429,627725
80489,23168
164602,375794
211598,620683
1900,21334
218733,707886
252812,726684
7458,652
3483,10501
196087,553512
171007,382614
3081,2668
253690,660120
105197,129670
92509,72570
189783,420814
192265,530254
212066,609242
43744,1544
72737,10198
5954,1429
286899,667538
46322,7549
103606,111969
121143,200085
57274,8329
160848,337703
17,4584
90866,44826
97921,82693
170787,417678
187613,454983
202237,519010
188207,440298
5225,1391
1884,1878
71462,23128
94752,22683
65188,15584
187717,490003
167746,324849
159061,293670
199618,568300
111622,198277
197879,549559
111235,191720
56757,13885
281342,820067
2125,9454
2700,9473
91542,58574
70533,15137
221660,612706
278824,714888
3994,9741
3178,10400
205066,615453
129719,38396
262,19101
31437,2517
52952,11798
169022,372754
5319,18079
250010,823754
52579,1407
54997,5176
41566,411
208773,586940
179983,423612
214955,575813
188623,491584
279812,593643
2059,9820
69406,18240
77414,35690
65230,14306
174875,29458
76251,23483
2692,104
116660,167581
189805,433498
285851,964980
33166,1640
173925,406990
5810,65
64114,14438
210937,620249
210865,38700
95858,13930
46976,1262
96966,110160
208293,507569
214398,613504
203322,463257
169166,401104
159717,318121
257037,758866
3176,1213
269780,698508
93721,80767
158238,290250
37731,8923
13,21032
56339,6537
72733,22954
56587,7350
165527,410718
212012,653567
43396,9912
197883,565310
3753,2024
8873,1653
242116,632632
290055,496450
175795,417320
209965,473033
222137,499932
200110,327331
180987,364689
203222,420818
167036,335797
3275,8374
200008,537915
27803,1913
246336,663558
64993,38142
837,10830
252932,776305
162606,302946
91630,56292
4334,25538
6323,2832
210859,546121
186311,451480
136247,13151
193041,513434
200540,420817
171013,378108
215353,615643
111659,102651
6947,8619
106438,205220
84392,50348
53123,5723
2908,226
31696,561
665,11902
174727,429200
89864,40807
6975,10234
46723,1164
215229,446893
113741,220289
78836,34647
122900,102899
90249,39254
197123,568332
84952,54186
281208,899112
155583,339984
56941,6023
6214,979
161922,376660
103549,112198
166946,310307
87234,49020
277160,966220
207405,501170
210973,449924
52042,9075
103624,157354
183635,336843
6942,508
100527,112949
279412,829280
86320,62215
1354,145
7265,1278
278794,949423
157186,375572
183309,465136
94325,77877
2843,1075
79798,26280
266368,770254
225145,581734
189885,486947
72395,25793
81520,38234
5992,590
176423,432976
1356,199
71108,37903
207311,549053
212461,570670
109947,203217
1809,5910
51935,7485
55269,4538
127146,319075
2321,2657
37733,59
258859,637534
745,532
783,10545
222011,524047
2594,1902
180045,396371
177285,413594
130628,244063
81562,44115
193944,537996
6365,604
224030,640344
219726,547016
106766,86829
277566,985939
291825,1151534
276489,560057
221632,523781
211958,587272
164739,178682
4874,167
210227,568012
197651,504949
90430,72113
77455,39452
170645,289222
30816,9833
233993,583406
279306,597922
270556,626735
127152,318224
7160,504
263407,646380
714,922
138036,203801
235301,644583
280202,1008042
30793,118
282843,768362
217971,704264
193725,426618
194664,543580
139857,318781
2297,12159
68073,18947
51312,24653
107771,152603
168608,414425
167610,369299
34542,501
245382,801335
6863,1584
733,9802
49286,1581
83086,42297
214216,610892
183695,399366
5608,575
3510,10559
1619,978
230183,575604
116491,180147
157699,302401
283097,877703
103141,62211
38061,5236
257595,666243
8983,9550
279978,744114
1676,563
3174,1850
36,687
63876,10139
282147,536554
100556,123678
55444,5708
117887,116149
163909,393729
139575,256040
5146,15999
217917,582927
132630,297270
281918,803700
275167,705996
168996,406385
289741,951491
258203,675445
56367,7326
95167,62177
4873,9081
3556,1443
175659,407448
235471,544401
44195,9388
6333,36658
113275,228194
72720,34653
75341,23169
88140,1771
99530,127533
221850,614696
55856,19026
1358,12498
143367,68730
9010,8424
49422,15152
3328,4816
180297,371638
7164,10601
41997,612
249964,385128
133133,73456
4370,644
274993,396194
105355,152584
197591,508763
247466,689249
279414,505642
137062,118406
72731,7980
141668,323272
131796,304357
133771,254320
132012,65218
85179,28874
1859,30020
193147,398173
45517,920
157274,330483
194929,539517
253498,591274
2273,2109
214028,20982
111443,212778
278702,661374
5570,9299
216167,664413
143511,359364
3793,36657
96728,68722
1573,754
271577,650031
152071,323677
1183,409
157296,127380
140160,277217
207638,595975
27721,2841
45003,17111
68347,21191
151455,319888
210519,576712
648,954
217407,656563
55280,6615
6618,11770
253536,663260
38095,11344
82167,43347
279806,492999
54272,35
55069,2009
276151,869626
56607,7979
101895,109410
407,2654
5991,1574
188751,458423
25,451
167620,342473
161634,300669
7486,18329
70,755
193958,480530
4369,9799
2355,9487
242124,753230
7360,924
145064,356296
5903,7299
166788,342737
195167,339380
64575,14359
69529,62320
160954,328387
6773,9662
38038,533
159976,245913
141688,276907
81564,38055
195823,527435
129659,228203
141422,245168
204704,567609
143345,287947
2353,9798
105340,158445
168870,49992
161,8963
277034,848685
244178,639933
192283,455207
208737,522162
87222,49444
160990,338189
186381,456929
168366,321612
214674,594634
4902,1433
240452,460465
51834,2977
222561,621013
147142,19100
152077,333371
27731,15370
5673,8051
207,9560
159849,400608
102856,166666
4366,10865
279184,642885
5152,10590
90405,49530
8973,140
81788,43539
134575,239877
27660,55931
179287,407445
27362,10757
284489,677179
86142,58857
30810,421
5630,9533
140267,310131
267262,831827
54372,10795
213503,552532
287377,385687
277066,497828
5269,1791
1921,473
229033,632322
166526,365942
139148,348892
5108,8470
91266,15157
96432,82633
276251,539681
263865,585245
133143,13004
64620,11499
181499,439584
288513,346698
166635,274870
192379,369972
197071,498249
70159,21208
8644,2048
222949,659959
85312,20722
145839,321741
254034,330081
92243,76758
266282,603661
112334,250658
1041,11159
270696,696806
27186,21348
189363,402900
280932,554590
208800,512895
241872,654754
130474,271674
97225,76492
160201,380225
4645,36095
176101,343668
85438,38684
3481,243
136538,16237
40414,11661
60397,11631
168122,393519
102194,103731
32460,158
177689,399057
27800,11049
180497,446354
171611,350312
206246,619264
290573,670292
243604,785534
102125,68721
168610,428449
90600,70670
116138,265180
6291,12093
63072,20766
280100,774752
176753,429210
2058,9631
289253,614930
2025,9769
33162,1495
268744,585083
168420,408220
8974,11836
49772,14202
2318,10683
201270,458302
2617,564
176419,381283
96911,88273
163056,315011
167544,388399
197711,458723
131444,221732
115231,239563
60766,14048
103335,93456
98961,97630
116217,75258
40732,9392
145418,294016
210235,471707
289069,1083862
101525,97367
131446,221731
116411,238628
184399,489925
291479,744857
283149,783675
195497,429197
3175,926
45668,2044
156605,370755
170959,359784
69654,176241
100062,94047
77307,38810
208241,573699
27801,9316
168224,227932
4034,1900
185475,451657
116307,290542
263555,768744
27728,12140
190183,445651
189667,472454
211726,502425
29,902
289193,923939
140341,286192
2336,4518
81819,45958
262863,843241
4700,9880
4866,2100
224276,560050
203749,596054
197875,457799
8784,401
167064,411019
85788,49018
188301,363088
65130,4148
205383,559969
1701,2639
69,10634
252308,602063
103980,160588
97172,62214
244368,801058
270578,818750
1393,9390
108190,157350
4310,676
33615,953
253972,591275
65596,13635
223204,542178
266318,795607
103228,68726
194696,534780
202359,593691
152579,354857
199350,574074
157122,353326
102993,147773
2432,9441
255657,482373
27317,11075
7459,8440
48412,4643
185485,484133
190017,487670
180265,469019
234356,774372
97024,97365
139855,291270
69604,19265
255639,672322
138208,285783
5388,320
156000,379291
240460,744275
135133,131634
8949,9675
107406,110415
47894,1116
56145,5876
78316,37056
118985,87093
170973,348893
54881,13958
6617,2055
2579,11660
27523,11178
59549,17483
52328,1272
95873,103332
200306,505600
42730,9918
74553,26963
96501,48034
200838,447404
252360,736073
96610,59967
7148,21542
259835,831405
226276,730647
210569,495764
780,602
54190,4688
242204,663870
4014,392
152065,336808
51931,2355
168286,397837
64197,10360
118900,228970
55805,7972
161131,308266
6890,1807
263033,571468
280890,668461
106452,209274
47491,1023
209311,533444
96281,77174
288209,812225
55363,4512
143347,297802
188697,481432
48,10530
208096,506528
101142,49519
97752,83542
206399,576017
207233,512200
45210,9829
93510,64688
6902,20312
118202,282297
203517,454640
51709,1255
113240,265169
8531,12153
192479,479626
85354,15362
167794,377263
219715,652722
197529,440472
230391,526702
41569,254
284879,934433
191873,479718
263405,597208
290675,1002185
69027,15588
214572,630220
193583,445030
149406,140300
275467,725201
196067,489471
215527,597219
106785,204082
198151,335787
189041,400535
170709,408647
163128,51822
208040,522369
27727,363
205072,338967
275083,810171
78039,46705
166042,355338
77561,10138
175661,390043
176933,379149
138952,347688
201026,498248
200824,412117
185443,508933
151951,337960
90746,17578
148775,26736
205545,393624
265328,876716
93270,57214
27266,844
279692,900667
191687,474395
281572,740937
282387,962232
226246,668742
37830,647
170875,337339
241960,583689
207632,399121
90057,64720
53894,2359
129354,256591
8012,4291
193599,507076
203,9090
168266,180863
70728,18533
68269,18320
165087,324560
62849,13809
265156,615666
84944,44896
159415,347031
107883,191714
195639,556803
71057,12244
140106,315846
160289,377462
288289,1040148
8622,1777
187959,508642
7293,1824
227496,615665
289689,912908
172009,429174
106011,200481
278176,817758
205076,535544
186983,489988
339,2064
6887,13920
179119,402897
259665,777270
866,9303
4641,1548
131739,321528
154915,302528
137857,278927
224208,728118
152591,365222
144698,290762
6242,2671
176751,337170
286357,713704
169400,396263
6867,2056
281556,890980
206957,484751
2391,10223
8370,246
127198,308639
90531,76025
71438,25050
101415,84199
6536,14411
72294,17979
185013,468198
58652,13688
247780,567189
135426,338952
2278,8195
101498,121875
164949,375315
51660,14624
1357,7863
172667,433247
241346,282848
260617,718032
97866,84287
71500,23202
192389,335983
230,11929
106916,168672
162598,296524
62553,12837
6370,1555
6281,1817
36525,9007
170947,424488
64983,2253
163,8068
140713,192141
10,710
97188,82507
59418,13008
80693,43923
166024,367412
106022,213121
229797,520172
2231,10220
254682,638449
188067,437033
103249,72190
58047,8390
52287,1267
162592,283552
212281,337401
2672,1090
274197,718789
178323,472424
133147,13283
190551,489930
216817,385103
86548,55787
212016,589739
91325,64685
7982,4552
203519,384018
27366,23160
49278,7551
239,15789
80839,39486
106473,176983
104211,138832
210851,556678
6708,7270
108729,181886
199910,411728
170957,260514
79588,37950
72131,13576
179401,353486
132883,284689
278312,436270
161954,351339
116823,131631
258691,841755
194951,405774
227580,651881
204542,474350
1917,95
187723,384677
169812,434616
159093,291805
142492,336050
4019,711
208038,556901
97923,87502
52281,285923
70599,24420
168026,211387
80860,38408
111617,232672
36535,340
269272,920394
74228,26466
200568,517093
170605,429450
195921,504172
219,6715
43917,9036
259541,843906
183611,445571
222713,508570
98607,71883
90809,65229
73323,33613
175585,339692
112138,187017
3052,1832
261845,712454
271917,799876
107565,233063
177497,384680
58303,7862
62293,12783
77846,12219
145150,298382
141432,319373
197225,505954
72011,22947
197957,544510
6754,277
179941,432068
48043,1381
281056,821881
1641,9427
133185,304410
200864,537056
256567,680813
179137,420622
96737,49049
133419,254470
133145,34134
105869,157370
193956,360920
198609,565179
133151,23566
286097,758323
193900,474354
130073,150689
198149,402431
155288,333352
242222,736069
134368,238713
126036,44874
279956,779782
36517,1985
83369,49009
47382,9762
56152,4523
74510,24253
3148,1715
122910,299537
48711,18925
279402,1027014
270772,836225
282671,646389
49651,1246
145140,254172
269146,787752
4823,9778
3300,2787
145,9737
188307,400155
53996,1858
63,10607
146654,364137
110882,210479
96693,87825
173823,340027
2557,1567
253130,602223
102716,82992
255337,580489
280968,938008
141702,352173
232017,636565
53519,1991
92420,76726
42732,17379
185571,470878
256075,449406
225169,743601
264259,897429
162600,283366
33437,10027
74688,22971
174883,38397
192157,507505
236135,581577
174515,366170
167780,43641
55253,4588
176801,361292
260665,524434
188575,483980
164869,407655
6155,9919
98154,72976
89900,74879
198143,375785
71282,18570
1916,9464
1672,11975
275193,916405
148881,303867
34072,1667
74624,26428
270910,780382
286411,948713
2167,36647
179221,398175
285925,868759
91290,53457
93164,77495
193589,472451
199219,524251
60753,13012
98122,80215
212052,382748
261809,791177
4299,9476
74327,12169
130034,265712
166203,279229
242400,779047
233661,522241
198,281
60992,15859
228563,581032
64695,13980
76111,37181
275245,762504
142448,253412
40870,11421
86332,10195
263005,511809
673,2300
148036,355020
254744,736074
81456,51241
237964,581389
192245,446021
80549,37735
215489,599521
144976,294963
27831,4836
101973,127517
205509,472674
27834,11190
36276,445
278850,828613
163512,377273
175277,451995
235435,722913
37741,398
84855,33997
190089,529531
203483,489418
6753,13156
279630,894205
284739,459003
223828,710356
179819,181808
193821,519035
5888,20992
48696,1440
109578,225574
196035,475888
39234,9701
133169,15906
4901,1535
266900,660000
110586,157832
166295,364111
202443,548544
73860,33511
224338,641662
209173,501907
6213,9567
103341,107985
98373,85446
183619,449443
7162,2289
282985,842675
177239,395993
93240,79707
266320,761898
120466,198184
154474,274109
110110,209276
2396,1934
4967,8342
118760,250538
165603,397243
114945,204436
73321,20504
2232,431
8157,823
97306,86838
39292,3291
1693,11831
122129,45752
27741,12496
193952,399402
65642,14139
48385,496
7154,11820
101260,35558
66785,15067
184721,458737
45183,8982
4975,1903
71304,22536
178401,407449
166705,393457
258857,785663
291823,1081676
258881,632617
129749,197950
180587,340613
108780,130150
53129,3432
134214,310593
182783,468284
163496,390497
7256,11194
145935,227973
90947,75233
130510,144288
175477,75624
3751,7443
199333,483983
27706,11774
275079,420821
7382,25300
135135,272878
73319,25195
135569,188927
228749,571265
164931,334517
3988,8871
220530,550231
131656,263109
49961,1259
42958,16553
193916,475215
164981,369885
56885,14047
27032,8697
162474,381356
169656,336000
133167,15015
194052,491472
4447,8835
2707,1073
197197,524348
89896,81401
90528,53487
1552,1701
6378,9654
141,11000
90439,50839
5266,4547
69644,8355
88235,67913
87306,37686
183549,203101
4383,60670
91077,65057
213319,618355
1059,454
204878,528888
48161,9766
203691,566221
195041,515916
7158,11093
53956,2196
96430,71864
188749,345887
90620,32909
170425,431937
44193,9655
86815,43959
3159,49948
149116,268854
96832,103328
93265,72213
263495,734265
182479,430447
165503,374461
187611,429300
239490,672647
192473,261470
152175,37793
127294,69335
103849,165213
208539,613868
200638,468224
49932,1730
94070,74534
284447,921785
68194,21641
103048,156700
204388,566213
80969,42188
5614,23550
184473,476968
6934,605
142997,159824
212365,606954
151515,329805
2541,796
78142,25846
3054,10228
163052,115929
260201,807196
195315,484482
3005,9481
280866,837881
199966,567410
109189,226857
60950,5038
268806,926899
81018,41201
64285,14447
130520,228161
97196,13830
256325,727745
260895,639721
8981,2288
274285,860159
115629,236735
1873,4415
3993,10876
47629,1165
244908,522478
150894,16907
166802,406785
261759,512195
117895,294254
132961,250734
216402,579583
53318,12225
799,10779
8534,1997
45186,956
86298,46195
31,9909
61026,12289
95510,1930
202433,403300
215683,560044
89554,61202
133127,15016
88593,57361
58295,8848
53550,9952
143237,306745
120625,285700
272367,809140
112421,171372
71579,24684
227124,741011
57640,11253
186331,416494
7444,10096
4148,9740
136562,321697
87197,51533
175831,433471
208905,564427
283427,864101
6776,19666
84954,38050
286327,796185
212869,565426
197697,567604
44974,2652
214032,36728
7235,9696
162982,225745
45447,591
51486,14375
162634,382399
143440,323661
6879,11329
103315,179826
1909,846
91653,74465
5294,12149
126548,272693
6373,310
203048,536841
157176,332283
164395,276624
66130,15003
279714,886396
45503,13689
290767,353577
136337,15601
209667,570503
250968,467909
27020,14533
177243,392982
86345,45523
287207,998022
260495,597316
139553,86000
134374,13179
144532,204553
132632,175112
151345,366924
48783,3683
101360,158011
91199,79120
68522,10946
34437,308
278586,913290
162416,271706
171455,435366
137863,303857
117529,135397
209917,525661
119065,17681
208807,536743
271983,2405
136016,105864
74545,11439
235433,719410
286777,1016084
2483,10722
1120,1630
196997,569547
114635,267480
44022,950
278260,626872
77800,37495
33672,9787
43921,7304
276897,619730
279534,823951
4701,5175
281002,653851
117466,205775
102753,152780
110675,226448
221886,664300
203218,521777
1411,10549
276249,556694
136449,14092
6297,8326
80615,41216
204686,513310
120474,256835
190741,470229
6565,4464
214030,17581
6591,8094
92210,36865
273005,771077
3554,14736
201706,530079
262721,796499
205425,624932
72386,8088
165575,403450
251268,637693
3786,20770
200806,570131
213343,651070
53322,298
150194,374416
27729,4254
111249,205601
27163,11854
105593,85889
8965,5255
177763,392044
45728,2295
1835,795
127096,227719
68554,13448
191459,440161
133141,129533
210573,476669
257751,619778
3565,10564
193898,446696
200598,458131
47644,11652
91537,1254
34534,8292
277042,929170
27788,9667
268302,899405
65216,13813
195163,424783
197103,499028
114060,154400
66090,13510
185987,453278
130444,175774
37739,15487
266636,874300
113103,243683
116155,216156
176523,418680
142222,303991
224961,615774
192045,465914
143547,76115
195305,394741
130075,326359
2490,2112
105653,107846
269820,923632
156726,376570
291340,986280
98956,127501
33679,787
280,8438
57368,7191
163949,391698
158972,374475
280990,800815
92944,77459
271865,760104
116801,287495
205559,527776
257969,653349
93855,74306
81831,36940
251900,633515
109769,196024
288867,1058616
7324,2023
141648,301351
5574,4108
81229,39514
124867,297556
173939,436343
135504,256962
180099,453191
8327,870
80222,41233
231057,532865
116397,207933
186263,487242
274157,820446
235361,245842
58706,32579
85367,50546
162968,357786
53373,12561
4023,5994
1485,1624
183499,432616
72692,15400
127084,72478
80831,41402
199622,560066
212046,442065
106841,152737
7346,10591
134881,271714
260243,600583
244720,553835
242906,648579
183589,337167
200820,373571
61132,7446
68159,16995
84772,39513
58627,8456
45950,1781
229431,628534
5502,2675
140627,332270
4387,2140
68486,15384
4155,1921
2600,1946
60609,16007
90357,76543
205992,616584
171141,412202
207373,116322
38886,10707
177867,397538
261955,680058
193477,454227
136339,20558
185109,419743
27797,40823
197177,467956
3173,9563
2686,14283
165639,413279
175,9344
42718,10045
116905,212167
244788,768141
167248,392011
207273,570661
116807,262551
67923,13804
86898,8967
150696,371492
4246,634
210847,338762
159191,332872
175655,417870
6286,7294
280114,541134
272555,912598
96655,84329
64969,10201
72171,24804
177871,423899
130508,113082
27326,15917
73681,25205
70015,22302
113780,256274
86000,39356
62250,8882
191941,493100
213898,595671
73023,25196
106624,121642
252328,813258
5821,33251
282901,876792
275919,754609
4642,13403
184909,460555
27904,3509
5679,565
27871,20544
168218,362585
1727,547
143969,318917
254452,760883
210869,592834
3948,1597
2677,11779
241032,587807
8376,8193
112582,250766
207309,568091
198567,303451
276725,809107
1500,9434
78574,39013
101864,75612
5686,16646
1747,586
203745,459670
275161,889699
219444,531876
196889,450465
116951,244001
8641,8699
197201,445629
252662,646207
288269,884605
7156,12698
34319,1635
724,9100
4378,11826
53953,3021
197885,512263
58803,8065
112399,169607
101070,129112
8914,14337
133155,13459
271194,833425
242150,315620
122896,166426
183817,452187
27802,11647
218525,581392
135444,85739
188505,435577
4033,11973
7373,1487
254484,730840
55167,13754
259265,716612
26947,2061
289169,457332
199964,509364
142999,360784
275917,843847
1844,267
232131,634528
106471,41498
285109,605886
194396,438799
290081,1110358
84116,47909
116893,206563
203619,610120
48082,300
272039,921655
277552,755566
290087,862557
191479,446894
69640,11322
49396,2179
8808,11130
136353,12902
55276,4566
93404,74406
67997,19833
7263,14292
143476,352208
205048,535292
188189,424781
223570,573730
200354,500682
44929,4441
174909,399170
130506,118412
201368,459992
197691,567860
188797,455980
193243,523777
46948,9297
201811,515195
92694,51999
196491,527729
229449,317182
169220,429191
167850,374205
27627,26955
117364,263614
212945,613090
127164,318044
171879,401698
1589,2142
2580,9430
88405,50544
112066,100271
57528,7555
141866,313922
1777,11003
169520,50253
108981,249397
176929,440021
87194,59468
74789,12155
141676,16366
231235,755339
170961,400136
244276,205081
194,10149
142210,338729
136341,16390
168090,362584
52458,8271
160474,360606
189475,426613
51167,13393
7460,883
284937,1071806
198865,524288
104908,91586
5613,1958
195533,428836
177237,369192
84601,48138
179511,337556
180091,436931
1518,2163
74416,24469
180965,340270
183671,467062
107953,126963
289297,724209
228007,721656
138104,323027
253618,379686
94469,66125
220362,634544
187531,520594
213127,658760
241598,778730
2316,6435
211025,499631
80939,45094
250858,281979
2599,9451
202099,581997
266786,765245
6620,2771
2424,9489
5617,11013
136351,12903
200630,458253
229125,653756
286789,878361
199866,558144
99112,75780
33145,8976
288529,635910
114342,265189
140247,328425
275461,484747
169034,394269
268732,646385
6548,8961
196487,487672
33004,7453
194602,532753
34811,11328
288001,955555
70637,31216
6619,14926
44719,53961
61323,4944
166494,363093
40412,12877
39381,16608
280672,615173
259575,855823
177819,440596
111384,188166
235813,571391
93840,22970
254450,845222
267500,698201
148667,367735
126482,302429
5009,8489
109846,82703
128838,201085
202934,484641
278208,676701
45880,1887
263047,793998
254514,676547
275841,736732
104863,212716
204318,400090
170403,353070
202103,505948
162596,317557
54995,1992
285897,740441
89470,39538
145384,254201
4865,768
7034,11634
8972,2059
252370,373558
71619,11156
198101,479226
144206,329819
71264,22794
257581,745881
58105,8204
199626,528949
191489,458594
134563,231176
199103,529414
8581,3293
33683,10226
8604,2330
1754,9411
5953,25838
113705,221902
97936,96724
117545,170522
274195,507086
170357,444705
276167,831223
207874,582873
88267,51162
173291,339964
43560,11283
276223,759054
47725,11227
168012,360365
177241,335360
194348,401847
71464,12573
24,12665
52975,2976
139747,283350
229483,661914
108879,177888
197277,528644
6936,10719
102303,48254
279182,882598
202880,535356
112818,238636
118894,32916
197877,565716
85213,56831
214014,50723
5013,5279
288905,978870
206649,592807
206741,572164
6820,9871
157338,316152
33646,9291
63808,8841
232825,576920
244120,728754
27846,11420
95088,84332
195849,472734
273129,818397
44761,9270
53972,1571
5945,2755
253138,591273
71450,22074
117871,256917
172107,241863
130402,31347
91414,51052
60408,8265
148671,246355
96020,76696
207347,589982
103042,49521
192357,454652
87304,55347
47200,1948
118532,38366
187523,475094
3409,9532
104,9614
271232,338953
257281,591538
70293,24803
290643,820525
173197,401246
100344,110398
160018,366564
278236,663712
40278,25
148108,292177
286901,298618
59501,2454
1639,2255
41863,8053
5073,11447
8917,3989
5072,9606
93570,59421
286569,555285
288571,565770
109781,128246
187505,400579
176365,370663
1615,9433
6765,10934
177737,432836
103539,157386
95105,80321
216525,604605
234837,621949
275177,851303
58107,8328
190939,484247
89356,67884
59018,12473
31433,6961
290383,968051
187815,493099
72741,26171
215163,592279
1801,9313
78349,29917
1049,10586
213638,606952
267670,754067
65810,14410
27700,11197
196073,538858
86408,48415
5377,245
5812,10712
278632,744276
78218,38199
265534,890825
47404,21712
187501,443463
190507,348657
179977,423646
217073,637663
61024,10189
74948,25941
187595,348350
8464,9372
286201,931102
257575,583833
246142,709629
58154,12184
65193,13971
112,33542
212227,622951
117867,252178
1042,9591
89804,10316
242236,660637
32497,47002
184937,450489
59126,13007
284793,1067282
207371,29826
46972,1593
136349,13355
277088,925102
129313,179150
180129,365045
192365,13345
1923,544
223005,594328
2496,11622
120807,86705
276885,619803
76054,36970
121366,234567
5378,1894
34323,1696
188217,502897
287397,717930
1147,10548
2952,8052
2706,2105
190077,418472
832,3595
282541,975120
206893,519141
68959,14003
207796,514921
164200,332210
3007,14242
178335,401898
5219,1576
292469,961268
54736,4349
193851,500006
127212,308032
31702,8340
53000,1562
7306,14430
67508,6968
67665,18094
94864,70981
97057,70667
115875,77887
4640,327
70769,15775
132648,269258
194474,21835
279088,916192
187245,433694
5026,6312
275191,973164
120468,130925
59995,14748
219003,684700
184239,381719
95558,84175
233031,738362
139423,336845
98985,37653
157361,373072
136906,303483
127114,249688
40955,1420
262129,749004
133135,285733
196693,298115
279386,1007401
263403,672208
251606,522931
207229,620725
39446,215
2826,1911
169204,379019
51091,7874
255123,785539
138494,35554
66200,10362
207203,587301
136357,67900
196891,280217
8645,436
278080,629176
180619,96714
180,2293
180033,449749
175199,396422
97168,90125
167644,370964
213892,514847
89039,55420
97832,82684
205447,553839
1406,1802
116859,188538
162418,348668
279094,877957
146662,91417
54787,11835
210873,514207
50514,3549
116219,25475
4448,11371
193587,483455
2628,1893
58347,7985
62374,12113
292349,974931
213143,435601
171957,167313
253250,662237
69394,33409
121231,270303
215231,547258
254338,644089
206024,582881
85777,16140
259751,766798
176355,290512
233079,752939
51545,11330
43376,2117
32452,16198
193185,532908
7285,11023
279560,830784
53161,5488
81020,19597
199738,18861
106002,80274
136331,13354
86880,1865
213565,558582
114552,170687
48501,27275
288973,1149947
116161,87492
235319,492008
562,11446
291511,801112
170411,444706
271631,739993
239484,630004
176921,437109
181279,457601
258565,776797
2763,913
146305,65592
127857,119193
179301,438740
140816,308084
280082,854239
89087,62835
213680,105203
283861,1015606
50158,1931
85412,46146
151781,18874
161127,325789
134204,269494
3752,2123
27843,12086
5364,2251
45081,588
78088,26388
193906,449992
202187,508791
212585,581791
38388,9763
203934,539892
84407,43920
132335,270400
136020,206647
333,11381
86347,30969
42738,834
218991,618354
170293,20760
200256,329996
64229,14299
200326,526050
275157,758330
55098,7913
87869,51540
66203,10184
61018,41245
225970,614560
2890,6415
55094,6973
40574,10060
1060,10218
7347,1586
73513,15774
1635,68924
103372,136795
166312,402693
253310,472027
165141,136799
109968,134350
178613,16275
226206,618353
3179,10397
8984,163
1544,330
81782,44048
49793,11170
1881,18937
251520,618851
195095,517331
31685,8488
237942,585257
187577,291984
109802,73624
133165,13285
998,9400
60333,12172
91094,64328
37736,257
56715,13198
100383,109421
221488,568467
257387,660942
245452,787428
159970,391757
136345,24615
204558,465003
35828,31977
27455,36243
5015,1365
229397,643882
210863,448119
89753,49517
205327,504562
44613,12763
161966,337674
184445,468202
251224,671295
187231,489931
91335,28118
8971,4251
279392,846433
133149,91342
285607,938567
165699,423204
184383,437103
79224,38575
269226,656663
136249,21956
113862,241848
158813,241259
168254,293167
273857,671318
286355,798286
45431,7518
101739,109428
214570,608317
184999,454619
121316,242452
5632,4107
110134,204668
142442,322125
91886,62837
118880,252171
1046,10938
178907,475946
86884,63831
162738,340485
2673,24858
72489,22832
266278,760336
27674,9282
112689,211052
95939,103747
187031,351286
193297,533592
286841,1102776
104097,201676
81158,39312
50005,1494
88108,59860
4880,11457
207888,578189
55272,2001
86190,50456
289927,921452
142813,298582
289093,856289
200412,26662
159853,58522
189071,369523
195671,499556
103279,127373
139493,238923
2006,9342
164899,408508
290149,612304
8361,435
8951,11109
194861,514575
203757,493899
1117,36998
113829,242090
55274,4517
291815,893723
139655,284303
42004,546
79720,44629
194004,424139
7139,10511
175809,390062
58964,13312
1912,1389
134021,259954
5254,36586
146198,325690
67620,14637
175667,414453
81257,44716
281364,518896
113250,252822
164204,374671
187583,463088
188833,297725
1517,816
101741,68727
224943,601666
204584,373226
266008,874299
291693,970348
94323,67660
2596,6396
7317,9352
94777,41154
171227,425134
277794,805327
91134,75900
263973,644495
83219,15302
59260,10886
1111,9305
5528,9357
37720,8643
136355,119321
172365,317925
51357,12554
150238,271954
203904,534259
49130,9726
290407,820609
164546,402529
117913,284995
277262,760161
34532,9913
1918,944
69134,17609
198831,505706
194048,451499
106163,187022
174395,406994
108825,157841
243208,638597
107958,153158
276345,759175
279710,777245
254464,579741
181075,450322
168344,274857
91976,75174
100060,77117
114184,244506
174535,22643
3784,4244
142507,245698
205857,491283
104457,83899
239254,423333
168334,369778
207189,481084
280236,632856
31148,20719
188183,520736
47634,7291
207027,630656
128671,265228
281800,696157
8643,11247
134680,320006
276511,864370
282753,717980
110553,102382
138458,57112
148369,336882
1569,8874
38538,15058
213900,539617
108787,184352
34271,10476
136251,203696
54276,3638
107130,210024
90624,45610
171467,363579
136363,81900
74750,10664
256765,588921
113378,227156
148932,359983
194911,427033
280906,338958
183339,464593
192285,438146
151597,300792
222234,373879
142456,330764
105954,152747
155659,315664
166721,332979
103639,206324
122924,246655
287165,1058699
106072,76338
252180,635731
208747,511322
197597,564147
64499,8881
5387,1957
266820,673309
248018,161803
203224,499701
91844,14163
6003,4912
288979,945729
234257,567797
189461,453127
176295,427564
46062,10947
197343,522681
221256,614587
139831,283317
101088,86825
46335,9615
140928,274479
212573,590854
8937,13416
5379,4012
183421,401981
261839,617762
171939,360404
6385,1088
272211,763285
165337,402298
277790,788734
111778,203819
133219,44683
34048,74
206272,517116
236995,776527
60072,8909
71106,22494
139634,339065
3003,8056
1459,66
221390,523977
98797,88284
171253,403431
157569,394374
8836,11208
268888,845875
59103,1729
144664,233639
63859,13053
101079,71325
6593,10330
135875,247645
217959,606679
248012,811367
185545,418879
5873,17187
49824,1125
271134,814340
170891,44249
59725,4564
34246,14646
235799,599281
170775,283591
186071,172106
100745,50275
79006,76180
266630,811634
245902,578701
63853,6972
86014,60307
8117,250
87004,57276
6188,11635
208110,422803
160876,364051
2841,11601
58301,8461
5668,10994
71518,22798
55555,2014
227002,596161
216302,571785
235225,741074
160145,323372
33903,276
275483,957457
212383,283984
50442,7457
58376,13016
259871,631132
220380,559907
151759,333377
103253,68724
242062,795811
161354,382322
8371,2789
142534,290382
241942,37221
89535,73532
80398,37645
167546,334524
97870,113947
186393,459073
185761,408355
62999,10527
131092,21385
59016,1266
6383,584
133125,13284
82527,46829
201723,388284
103883,136400
71688,11807
96567,83686
62912,11887
6954,11042
100843,130739
3155,1439
60756,12133
106204,123377
136335,20410
142450,212162
200418,21422
203298,523536
285865,816904
288897,1076487
275683,14399
247464,390635
149606,362045
632,38884
286905,335977
1590,8413
101,13685
5955,13435
736,664
3911,13785
289637,1072371
174549,461615
116817,244403
251740,832199
58306,12246
269208,760099
251922,581726
4025,1493
177913,432087
197179,412656
117851,270946
281082,668482
5465,16664
6932,13537
50912,2266
223826,616251
183197,488223
198781,554600
120311,244049
128695,248933
127178,283235
89047,44835
213694,15403
253976,579047
192319,493551
223572,526429
5628,2110
176249,404604
69995,8937
694,20762
3010,11489
228157,583903
110750,236751
242942,632357
86911,45243
97692,97690
133802,223485
94969,82825
204294,566222
103810,146216
192109,489985
194012,548066
206385,612368
71135,19898
171751,19625
186533,425373
58554,28205
292,6950
70334,18126
141946,318279
189863,454693
77837,36950
213585,529485
81059,53486
207375,268690
173935,433945
284195,800787
164727,245473
108514,185008
59753,31512
280992,736526
287213,552688
82461,20526
275171,934761
261799,335209
172547,324852
131433,140212
5607,19460
39307,12920
176345,19576
56167,8079
6948,21525
186587,427641
192209,513347
106839,192136
166015,393764
271136,913823
44788,16070
63276,14943
261883,703771
257415,664031
136309,302960
143647,359305
71129,17445
986,11076
262853,818350
269596,774825
8019,12205
173369,398181
133137,57737
5833,11880
133897,283704
90343,68817
88835,67675
110453,200505
1597,8834
205082,472983
4237,44379
144398,214910
164107,381028
212014,601169
196117,466532
198795,239459
81383,41211
139525,317952
229037,615667
79242,39781
151777,300673
212373,500840
7149,6964
1806,36568
4994,11086
276403,778855
58111,14073
6668,12276
83424,14070
273525,654739
118173,20077
27772,11838
177939,430214
184015,433310
81786,48303
115879,82424
276911,551271
135502,223706
249122,471498
94126,63310
114601,239678
104881,164457
3615,10567
73587,31175
163959,339419
46967,512
92643,78480
193801,456611
196021,416194
215567,491926
166940,352490
7151,3635
27050,344
101971,37757
164959,377897
95309,88005
257637,597891
102720,116711
202101,513045
267292,657644
181235,439058
228863,592984
251726,616651
172699,438446
263149,820722
86593,57586
159445,363103
109425,24589
4371,16161
86377,24447
136343,30074
214806,574093
3861,10393
291715,866463
201993,597088
2560,10212
134555,250235
199337,489763
70206,21407
114678,254375
6380,2260
180737,483104
105211,209263
3746,31023
85020,27582
176,9071
2337,1808
74508,13949
257589,588182
263875,811592
5516,6173
37475,1947
82463,44009
205809,537055
138944,120475
242404,642121
174017,339987
127234,103758
107563,79113
4757,12508
1840,9469
85394,59490
67087,16538
131248,10010
1920,11551
96969,101731
118898,241239
43556,13275
40826,1833
111360,240832
285833,814776
94985,80389
186125,409122
142536,295964
2428,9276
61123,13649
168712,341174
112512,64246
44709,13751
72514,20093
81156,16290
2881,10398
3799,12599
112316,209451
93272,73723
143271,314402
34148,1553
1717,4233
86833,55721
199992,567646
62,2054
131980,242575
196233,447743
5941,13497
252212,672741
96302,79224
110655,172385
171941,212470
212967,581387
8783,6947
243858,682254
33801,15767
164369,408537
143387,353616
257705,628704
141538,291549
164367,375366
3317,11004
45221,10115
209209,73245
30820,9692
116907,250657
5794,14626
119218,120605
165421,366696
74791,40623
86628,51209
116742,20342
77316,21345
207612,627070
328,9059
204268,522938
70183,20943
800,26748
129739,298040
34162,9522
5508,2750
288669,614479
212971,653664
161580,376659
199307,471506
106243,12636
165239,412924
104590,33196
1361,17204
2585,1414
185031,399360
170729,449674
161594,390734
259943,680531
99047,116979
284167,722149
155064,301365
991,1770
85129,51200
240634,611698
65682,12437
6299,11516
95567,98548
204496,542417
159755,341012
195161,400650
156369,380808
177587,421447
202393,513576
8807,11282
195129,48175
97059,101267
244502,797394
3285,1907
58299,12222
141408,273477
261271,618162
98203,50620
258575,846867
168962,415358
143275,361931
58998,9870
280352,587092
653,8840
202533,591278
198265,535167
148280,341744
36373,37185
93420,68450
39427,8066
163140,63700
164729,325189
163955,354859
270858,892153
276015,833339
257251,619297
279814,826769
149508,92499
84844,20993
158300,40713
199968,574436
136018,261023
75983,16436
224220,551804
190947,457136
31435,31165
226698,458576
109864,177494
303,12106
292139,1172676
179925,400728
139415,282984
196191,487476
211650,635744
164941,379779
33649,19316
206451,530723
830,2925
101106,157117
269426,862965
192997,517839
182415,56020
277408,760741
189567,511785
182993,427008
68932,17332
190339,456154
212587,581600
133163,16962
27,9263
239474,594530
99007,82654
2333,3033
117127,17893
160656,353571
185977,467632
162350,333484
187025,42360
31660,8953
6552,3472
148166,339751
93422,79108
80862,42296
168884,345009
211225,413518
272005,778810
52,11448
31123,7229
236215,50337
82041,46420
270580,927855
132991,265851
277890,1003180
195473,501633
270400,615904
253620,585216
167982,409502
184365,392536
125970,27850
98585,112336
258001,805627
227016,605255
281060,799375
84189,43947
4644,552
112381,215042
53788,13807
140811,28460
116724,84111
225565,604578
184807,447856
171265,450945
3974,24100
95441,72105
26939,8214
204610,585077
98198,135718
33154,13020
140196,192911
31952,5204
52722,559
30850,11162
283069,915931
101262,81250
1047,11412
2694,9032
202435,517148
89472,61667
168722,401513
120897,56804
141938,72720
193013,463858
5380,9026
194556,489430
92507,59961
168418,295693
253332,424277
54648,5174
115881,98622
32031,9928
197549,428099
183423,455008
279452,634429
99636,118628
263045,668408
193853,452910
661,10539
268730,836009
173627,8366
258469,317190
71466,28053
203244,486131
207678,499537
162604,369883
159193,339397
158035,245917
195251,555850
117194,227735
263571,785538
186541,434714
182557,457840
215321,647498
83525,45284
183455,484862
209563,540158
147597,268092
91823,50393
275311,936074
270526,752623
47999,1776
103339,117251
270180,627087
67788,20048
101880,171337
232361,727306
224641,506281
136361,151535
183915,471474
265010,718633
290091,762430
213137,550738
206208,625128
53460,9408
85881,55725
218679,653610
3298,14181
27716,4972
223003,591322
110591,157547
170809,440642
170799,284457
116799,171274
203208,417384
42728,9044
40015,32117
3456,17078
288347,970284
269786,926676
85401,45132
188305,443009
193677,518671
2976,8649
4454,36107
6197,9613
1680,10215
276433,988046
81182,50475
164280,325385
231341,714194
33880,1382
202495,534490
251738,763329
112473,50032
205841,539651
2310,9821
158070,35114
117849,25518
190739,426865
3355,622
169864,395992
193783,535845
106144,194101
1608,9772
171945,324963
47423,7859
136485,42979
203160,522039
5446,9555
106195,162215
213604,547565
94405,72387
118930,308571
100882,170657
183417,436391
286833,1016121
90576,63492
86295,41446
275139,862855
149570,50542
209479,621191
222869,671583
277011,974691
167376,381707
92439,64678
51927,14001
114078,287590
254238,454527
278064,601796
182825,446791
244686,699102
168040,76535
220600,452406
3745,7450
231147,662546
133173,18198
127298,110390
264880,670981
269154,790142
126072,38580
114795,49017
133157,255718
195745,475132
206931,542921
218803,618363
1792,11808
164163,21481
214510,50472
133153,168903
290393,872906
4389,17612
151731,340357
193451,426249
55250,13680
149144,282069
2587,6522
4815,11313
190305,448776
291519,495151
6957,10147
1620,9437
91902,78182
91681,52274
162602,346685
33124,9393
96664,77461
201867,485166
48322,12094
134519,264525
55267,7211
44828,9035
4744,8922
103107,159014
216821,546728
185957,355196
259919,682587
267346,598331
196039,532444
152067,376869
1719,10217
107916,245775
198157,475303
5299,8346
79073,37659
290631,792293
5515,34070
113207,239566
207856,583794
200840,560527
283231,1063453
100272,127864
254072,645689
87192,59678
210853,557940
173913,360737
182715,300668
62081,13027
56333,8272
6041,9045
167870,416211
174423,461955
1892,1965
175469,54551
194400,401469
27178,3716
135258,33871
205054,540901
178339,42190
151,11780
183227,494368
118466,252511
3289,36210
106109,133200
208661,487491
202271,555561
2359,10162
198141,441282
215911,664416
64650,14072
64701,8276
157757,125521
131168,254578
72178,14968
183891,483306
3755,2133
58351,7343
44937,11490
103772,76170
160640,78192
217356,93013
102088,44865
6553,35265
2624,17962
242360,784047
3129,9684
117318,20789
194312,458342
247722,80797
145096,361380
200042,500860
43983,18747
215949,541611
47084,1986
196081,492452
181267,435126
190509,517991
131270,290864
187229,417670
82169,10140
4903,1999
195295,438674
165831,253980
4018,3981
285601,881164
62115,25126
286815,925263
169792,317560
250032,629028
179247,467938
2539,9535
54281,8669
132971,282983
136620,39057
67907,31132
183597,338768
170611,38577
3717,9679
188649,17358
142969,320736
171951,166747
272405,593660
187465,448491
68952,16871
206393,553600
1399,9819
95971,8736
165641,353728
193567,255413
162624,381418
252320,116440
45666,9353
242234,797838
65142,17845
184011,451751
168330,425591
195669,554152
65225,13180
55080,4413
104312,123553
68536,30416
117549,297608
283223,594767
203571,574088
184353,396774
173941,341013
95761,73567
135288,280996
159447,301804
67534,13161
74795,22972
27787,22537
96252,84383
154890,48617
5959,11022
236057,652962
131920,228108
135887,211672
113225,229297
180367,347866
89582,68341
179589,334354
74946,34016
217144,614292
71745,16523
106762,51859
102941,74513
4056,5955
289967,1143319
6571,54580
68941,18405
269666,817648
228855,667869
199688,229407
194628,497106
273277,587412
233203,24362
193637,537681
193175,407436
46347,20604
216275,135531
27744,29987
132496,256924
182637,24358
241,21183
57353,13195
275173,504827
89369,55720
129514,13643
127098,321594
1665,1281
116899,17234
131080,16119
5109,16690
136365,210769
62799,14325
132434,52333
263415,855400
114007,204922
287115,1058647
170635,32536
152037,348089
190963,474331
52806,37933
14,10858
94769,97038
91548,66150
162730,331583
94896,92591
31687,13682
171457,426166
5526,8653
3978,4958
61986,12690
289323,988078
108220,159037
82767,27585
54999,4141
183155,407890
137561,22373
108791,100898
179811,419709
45499,36668
215615,24970
198145,543540
267540,789708
210885,614488
280258,823766
150292,168379
282561,739405
286031,849869
113453,193893
56949,6557
2563,8583
4054,9816
188299,507256
5267,14635
267374,842356
137389,42246
1730,9746
288423,1121316
162470,26945
70451,13752
230319,586742
186305,419635
134549,98120
286857,833971
118354,245916
108041,190880
37727,9315
132660,332340
204366,44729
160271,302699
44397,9792
111255,19703
32562,21131
63131,15373
254718,645788
163771,338544
115973,280795
202017,542830
59604,15356
226574,553604
88495,47854
135456,18839
91888,63498
218715,706503
164957,355111
215805,532814
50794,7516
134565,53319
131502,214135
138212,324670
214736,571648
196931,543084
118888,20147
27827,14310
282863,1029119
174487,127144
44204,868
148058,353464
190,32646
105468,109451
225485,597156
200416,20677
100138,91186
5110,39939
205379,597089
280334,842033
115680,273271
165773,261102
187027,34295
183739,469651
109850,136797
72479,28089
215041,499338
241944,785976
35836,6957
113252,253306
3002,8672
52241,8270
225830,737802
179055,473072
1405,3179
136624,34067
70567,22051
90914,62630
163971,339405
99750,68812
49615,15077
186515,438857
168292,16382
238268,757860
281528,1001865
292141,1172675
57044,49367
117543,21861
207830,290859
193960,417812
79293,27576
142378,63276
1391,75
246850,586047
139721,278236
59026,8827
34198,1826
153544,20182
56788,6538
50944,13127
198261,554972
140699,257932
209497,565743
164709,367544
185337,435011
42197,9687
102819,119675
168806,429199
114329,276843
72672,25716
179411,426284
144348,154030
256393,760747
203278,508101
213369,480857
209321,522098
110771,193610
144294,37973
286107,649609
5479,8665
781,14553
200054,566228
227656,245881
239348,566451
44225,14191
1627,10155
73015,22897
179325,434245
130840,241855
257953,347626
280708,977487
222477,464052
50685,10758
48877,214
23,9691
92048,65760
40851,6795
277488,765172
105343,165904
110281,53168
279226,852046
189527,412094
37495,16133
105597,91745
177735,184374
205074,623195
272411,664996
135979,14613
140162,292431
222593,505026
256819,592863
183125,432139
249950,606566
217186,706860
45,577
142158,34204
166486,376866
180161,236028
4733,2779
263621,410113
134777,132316
274971,616037
161762,334304
263043,768331
157200,303858
266446,785533
132381,282631
202431,519465
220792,605116
87079,44945
57393,4170
181601,460793
61352,13291
39869,1951
208683,636698
147252,189215
27022,9812
197207,453755
273747,833417
7574,18872
193771,523773
117109,301566
33669,9779
135601,79464
101362,117263
55282,4513
287633,747188
198801,509598
161240,371738
195937,528210
64501,8880
147410,321751
260669,610253
160155,258755
252184,625169
254762,17305
35015,15907
56915,54318
93297,75674
196369,86130
66511,30508
104241,59859
56169,13483
58123,12650
150395,349176
132456,21461
2860,11001
189539,481850
258915,853088
281010,884971
223830,632666
79134,38365
109971,236737
91014,55292
192503,502422
4821,10866
245258,529106
3301,2069
212883,586461
2505,8224
78469,34544
284803,892515
89085,48289
141139,209764
65037,6936
254478,577242
260929,879540
138480,23619
199095,491625
179099,339259
160438,324668
128099,289333
1889,26610
27838,12281
231181,618416
289295,615656
265770,860852
65418,8942
199237,525183
1586,4421
225625,740985
213367,571891
205763,36592
265446,746131
42418,11400
8781,14462
4036,10873
206449,575776
189701,508747
166767,124277
174957,64202
163807,373889
212271,441829
278420,928344
285939,868985
56931,45871
118246,246860
79987,31900
7380,14442
173429,458310
3594,10560
128606,311291
200414,32022
148476,366548
279178,840098
67267,13090
44633,13222
91978,49527
38304,19082
199698,366141
90374,50837
280178,930921
119153,191489
98973,84185
95543,57800
1542,9450
142258,319076
94278,85621
112909,37737
222356,625568
177941,161285
51086,3594
61493,35854
122513,34672
143657,306947
691,40001
253960,617502
1446,784
63033,8338
271214,664332
194903,549484
114074,244772
66665,19255
78637,10192
5459,608
122890,68735
55705,2015
50954,37725
188885,500849
131252,9677
109853,242042
177607,415842
171949,290727
1713,6283
159917,376261
144524,195276
129937,241554
245078,560008
237240,642208
258637,645710
44943,11304
222649,508935
93498,91010
55901,5817
5477,1364
3477,13531
258929,567748
3555,3536
2481,8129
6008,35172
126584,121828
170407,398929
192159,535692
106983,184314
165643,340684
192981,508422
140565,114955
7172,31026
148954,357681
208006,596650
153959,342672
61729,12797
57776,59474
4867,11091
196395,504056
186631,401545
175791,450875
77866,20662
290199,665733
1609,6072
166149,347026
279976,873126
129820,264337
43936,2207
257585,807070
196175,351044
199736,16910
254394,568620
271559,286387
4270,1734
802,9294
33270,15318
172807,375183
27736,1418
127196,250124
230717,656274
135518,238615
45928,13508
27865,5889
60259,13205
838,3573
2296,9429
231851,260825
273013,612491
92335,78698
6300,10180
226644,524216
3624,8584
100275,82520
203513,521029
208295,554241
27491,27324
186749,493623
275691,743563
128520,252838
165413,421281
161940,21452
162590,95610
279542,928720
188317,474335
100336,45316
178667,343674
185433,495193
143369,352161
177483,164052
188181,408866
207690,623627
7454,7131
94833,72197
6801,11477
148248,307103
133159,196254
81537,41733
282493,619930
147750,336222
222911,726887
113573,189
3864,10643
112288,259943
195339,412862
208813,454467
282381,806368
279436,852438
285933,962558
43801,33095
83796,14556
160402,110490
204702,405177
70295,38879
56805,6575
194967,534338
258591,785457
209705,561974
113066,60316
39516,16729
291629,662745
286231,758336
80834,45745
21,8012
169760,410117
160565,316727
66385,25405
246846,811703
1735,9410
138488,53957
252458,660943
27711,10855
173283,447061
59333,10761
190765,496328
105835,146015
170241,355277
3798,2655
3785,4247
290013,950849
279458,1019939
71867,33806
112940,157849
186159,438747
280372,814757
27441,919
203847,575351
67801,15451
139620,81549
254614,834027
215711,594718
250502,790249
225988,635389
210933,656968
224272,621870
647,10684
161942,28808
47150,31032
4741,742
287737,813477
162828,374617
33340,27233
117456,241771
130490,262500
166958,409447
76173,27936
176103,274862
58490,12178
202155,480001
271467,835975
175165,415086
74426,11518
76158,25053
270256,629015
48032,10846
92920,70954
172813,363992
218649,76826
59547,25527
50851,14761
160832,64694
104920,57892
133769,21614
184165,432527
5127,10052
164935,377154
213475,580600
107306,23452
86330,31451
167018,356305
184471,338970
259077,468225
181357,51888
101527,78215
292155,958182
109687,202141
181355,42982
186177,484510
26974,18415
108647,173185
110678,214314
180041,426338
177095,456570
39768,20128
151717,345775
98963,97989
148620,354072
136564,225728
230997,702525
6263,10782
183149,444090
133780,256057
4151,10697
65882,14254
184287,462883
115703,22599
141958,57627
186999,452970
204688,466081
117368,10258
30848,9953
60303,10842
253970,56899
49265,8588
8911,14024
51084,11172
195297,486898
196113,401200
5605,29698
63222,13672
167990,408159
33896,33908
4020,2046
155366,382581
281058,814338
150995,351145
6063,10894
2772,9781
179397,441889
7827,10133
165581,415214
275549,846250
4251,9519
100244,87499
5611,9093
126599,276844
51471,15163
4734,2294
198271,504969
50011,13318
59141,13258
91929,72721
4719,12610
82765,35138
195247,427348
1449,16448
255633,850329
206899,458897
68690,14448
274249,807356
155509,333385
3581,11129
200448,537059
116207,185567
96861,82675
81711,48466
106330,137093
171953,260234
189991,407447
223996,520318
263009,624860
169900,314095
153931,148265
202711,538225
168556,435921
142618,349498
279334,614939
51080,4169
114392,264656
109596,85444
205693,500458
272649,654895
125972,34205
128736,37058
56095,11148
274409,953553
196801,543033
48319,9664
136622,25961
200330,525946
278352,829503
96411,76360
71429,20178
92804,30596
164264,376228
133383,284305
77240,41110
203112,581420
102588,128216
192847,374853
67424,21946
235411,616803
116839,270403
227482,733156
98854,10616
194388,54433
164540,411009
193287,504603
1489,24662
179647,400020
96304,85836
151765,68555
195731,475149
131237,35428
165969,419546
289835,729854
79807,9503
8369,16617
994,18203
101186,136403
108078,206408
157373,86517
285597,1049638
285867,913673
175143,432615
4450,9517
215653,460399
101763,128136
74275,8952
284411,933419
202797,569016
195485,451925
7048,11676
50162,9992
59519,12197
38,33689
201242,529962
130992,31413
4766,44321
60074,8960
204834,508664
99728,82682
224721,667935
212074,457335
201731,472796
111364,124905
149572,24426
142509,325348
117861,253331
200986,432011
173205,396398
137457,115290
277110,428707
288861,736769
56775,6637
208729,537655
200052,494407
220956,588009
196005,477666
109243,157847
2561,10354
165883,394684
221702,571625
112811,79553
256477,300386
279912,848058
170117,99343
105086,109417
146688,339527
230039,654028
283315,739986
48698,13364
183011,399035
132547,325113
243366,118301
195303,463319
253910,728142
179053,475759
3950,10687
2618,13852
114762,286554
60020,14392
48791,14012
178729,23446
212142,520765
6062,21189
111732,137698
231833,586791
218193,216769
202441,569543
289359,539136
2710,2667
176297,461054
174831,438634
79590,24122
212385,390634
158402,380111
103059,121873
67734,16614
266788,554230
126733,12609
275061,893370
35957,11460
163136,361705
215679,547691
91786,41066
155834,239103
63393,13655
88911,39413
278342,738215
33487,1279
22,1710
59912,9789
178369,378373
112946,231576
172719,56759
139417,314405
204214,460059
164895,89825
191869,429203
662,10543
186249,464502
267168,755437
167038,413543
289563,1070514
283473,1061671
195551,441393
8861,1577
168760,15387
89761,48231
41527,67
148978,201223
94978,79382
5957,2642
194722,526051
196567,482981
184829,454549
272339,890322
221396,723072
208477,587030
785,11543
187545,311054
252086,795813
203078,563103
219738,582206
203202,24528
175573,34671
91485,76163
180591,470819
104231,110410
189331,454992
96373,109584
160571,345911
93363,49529
5531,15070
189879,467936
208971,612654
135889,207686
51372,26598
6764,10159
285947,638974
201704,482150
101640,17501
127319,72784
68848,21755
79572,38843
94649,79934
170941,346034
267458,727293
148478,351694
89386,72744
5460,59387
54734,10760
92234,72431
88452,20268
115216,266285
169480,361018
64278,34283
1722,714
195723,441717
90350,53344
48872,6077
11,9087
274343,664698
160874,376233
166285,332794
279694,1018648
58103,7461
267638,858815
56286,3902
286221,932430
62155,12182
6898,1376
84273,54293
261847,745611
70862,22492
198677,487611
27518,14752
169490,384581
174499,382217
167536,81440
179443,452773
69951,8054
219015,531454
289095,1003581
279594,799546
3822,10401
77736,45380
200614,400157
257551,513692
49524,2447
158336,18377
171315,390054
115008,53222
1537,11239
201747,481880
278876,800939
190399,518764
69934,14197
47076,24164
144182,331576
281084,757999
170781,424998
6379,9902
281230,21448
220358,649058
90943,77365
273031,80981
214560,599845
69361,42341
107,10874
87660,65034
227256,606523
54775,10431
279916,921643
83450,50618
42634,36380
125287,43625
279910,919573
3566,15723
89678,18093
4958,8007
97395,84351
3983,14295
188541,425972
203671,590153
182467,414770
8528,9472
71575,4786
185979,429417
178645,469980
116169,44092
193533,420426
120392,276908
257709,752505
244234,591222
65660,8280
183979,388333
194374,79931
47518,9788
193843,491629
5667,13768
110273,253239
50160,13967
142993,319995
34032,34308
52967,1919
26941,29927
82931,56812
151459,375290
63113,10764
222657,522892
216163,619441
171955,167666
1483,884
159161,396292
109897,235260
289021,616747
187023,446663
187479,435841
27873,11401
104925,112205
8860,9759
186953,470333
216937,581859
179863,436274
83293,46689
134230,21297
276903,823147
3990,16340
109000,2594
265466,763152
210271,509967
200590,538207
27276,2463
288279,709631
131258,285213
121372,46967
83374,46528
52694,1268
207065,513302
201526,364375
40583,231
97699,9736
149146,282070
62718,12689
251790,785522
142513,211755
152290,367215
201444,565312
205291,581361
169944,271467
49312,313
198769,113160
170297,14611
208433,585268
106094,39469
2358,2042
5620,11529
273007,950445
273979,120811
27857,464
235293,732450
1858,10622
49815,12924
2393,200
92262,73562
3287,15655
262529,662708
261135,182026
132650,36897
162990,296917
237372,484718
129779,196750
185001,460668
212044,513514
104636,79628
8966,11184
107304,20986
1687,4824
42725,9900
273433,661231
169252,32532
